country,industry,Year,AI_Adoption_Percent,Companies_Using_AI,Avg_AI_Budget_Percent,Productivity_Change
Argentina,Agriculture,2023,29.3844,33,8.08168,7.32808
Argentina,Agriculture,2024,31.53872,33,8.37008,7.79528
Argentina,Agriculture,2025,33.21456,33,9.02896,8.18048
Argentina,Agriculture,2026,35.59184,33,8.80304,8.7568
Argentina,Consulting,2023,32.7854,26,8.1977,7.835
Argentina,Consulting,2024,36.7159375,26,8.889375,8.8703125
Argentina,Consulting,2025,37.5915151515152,26,8.97626262626263,9.00464646464647
Argentina,Consulting,2026,38.5167741935484,26,9.63290322580645,9.10967741935484
Argentina,Education,2023,29.3065957446809,25,7.79148936170213,6.855
Argentina,Education,2024,28.4620879120879,25,7.78967032967033,7.5189010989011
Argentina,Education,2025,31.7310989010989,25,8.01010989010989,8.5756043956044
Argentina,Education,2026,33.7636170212766,25,8.70904255319149,8.81489361702128
Argentina,Finance,2023,34.3923225806452,42,8.71277419354839,7.97948387096774
Argentina,Finance,2024,37.4626451612903,42,9.65716129032258,9.36664516129032
Argentina,Finance,2025,39.8608280254777,42,9.94070063694268,10.5126751592357
Argentina,Finance,2026,43.2381761006289,42,10.3496226415094,11.3712578616352
Argentina,Healthcare,2023,28.3921052631579,62,7.7325,7.20399122807018
Argentina,Healthcare,2024,29.3262660944206,62,7.55742489270386,6.73532188841202
Argentina,Healthcare,2025,31.0015217391304,62,8.0454347826087,7.62991304347826
Argentina,Healthcare,2026,34.0773913043478,62,8.58204347826087,7.99026086956522
Argentina,Logistics,2023,30.651847826087,25,7.81717391304348,8.22326086956522
Argentina,Logistics,2024,30.1364130434783,25,8.08826086956522,8.08097826086957
Argentina,Logistics,2025,33.1234065934066,25,8.60263736263736,9.11967032967033
Argentina,Logistics,2026,32.2381914893617,25,8.58702127659574,8.45585106382979
Argentina,Manufacturing,2023,33.0982208588957,45,9.21006134969325,8.13288343558282
Argentina,Manufacturing,2024,34.0047368421053,45,9.02818713450292,9.54052631578947
Argentina,Manufacturing,2025,36.1512352941177,45,9.35417647058824,8.97123529411765
Argentina,Manufacturing,2026,38.5699411764706,45,9.93917647058824,9.78276470588235
Argentina,Retail,2023,27.9355223880597,36,7.75723880597015,7.30320895522388
Argentina,Retail,2024,30.6597014925373,36,8.0894776119403,7.96686567164179
Argentina,Retail,2025,32.6948888888889,36,8.60666666666667,9.00133333333333
Argentina,Retail,2026,33.555,36,8.65828358208955,8.85410447761194
Argentina,Technology,2023,38.8366153846154,34,11.8621538461538,10.5259230769231
Argentina,Technology,2024,42.4403174603175,34,12.2286507936508,11.2668253968254
Argentina,Technology,2025,43.086015625,34,12.3109375,10.769921875
Argentina,Technology,2026,44.01016,34,12.52952,12.006
Australia,Agriculture,2023,37.2456302521008,34,9.25714285714286,9.15571428571429
Australia,Agriculture,2024,40.2973643410853,34,9.7093023255814,9.87403100775194
Australia,Agriculture,2025,39.5887401574803,34,9.7540157480315,10.075905511811
Australia,Agriculture,2026,42.7207142857143,34,10.6047619047619,10.7479365079365
Australia,Consulting,2023,33.0205494505495,25,8.43494505494506,7.69406593406593
Australia,Consulting,2024,36.97625,25,9.5496875,8.76270833333333
Australia,Consulting,2025,38.8389130434783,25,9.52619565217391,10.174347826087
Australia,Consulting,2026,39.5428260869565,25,9.57684782608696,9.84217391304348
Australia,Education,2023,35.4909848484849,36,9.19204545454545,9.31704545454545
Australia,Education,2024,37.443007518797,36,9.23586466165414,9.55699248120301
Australia,Education,2025,40.1766917293233,36,10.0296992481203,9.92984962406015
Australia,Education,2026,40.1533333333333,36,9.8417037037037,10.358
Australia,Finance,2023,38.115585106383,51,9.71265957446809,9.72308510638298
Australia,Finance,2024,41.5891191709845,51,10.2532124352332,10.4338341968912
Australia,Finance,2025,44.3356770833333,51,10.47859375,11.0085416666667
Australia,Finance,2026,45.5246315789474,51,10.6126315789474,11.5933157894737
Australia,Healthcare,2023,34.2727927927928,29,8.84279279279279,9.27675675675676
Australia,Healthcare,2024,36.201376146789,29,9.42082568807339,9.50798165137615
Australia,Healthcare,2025,38.2115094339623,29,9.97028301886792,10.0738679245283
Australia,Healthcare,2026,39.9071296296296,29,9.42962962962963,9.95740740740741
Australia,Logistics,2023,32.7797101449275,38,8.46811594202899,8.23724637681159
Australia,Logistics,2024,35.9285106382979,38,9.34851063829787,9.1522695035461
Australia,Logistics,2025,37.6133566433567,38,9.11454545454546,9.5451048951049
Australia,Logistics,2026,39.3508148148148,38,9.41437037037037,9.27540740740741
Australia,Manufacturing,2023,32.8468217054264,35,8.71697674418605,8.45348837209302
Australia,Manufacturing,2024,34.4264615384615,35,8.82207692307692,9.38915384615385
Australia,Manufacturing,2025,36.8453076923077,35,8.99823076923077,9.38507692307692
Australia,Manufacturing,2026,38.1722900763359,35,9.54129770992367,10.1430534351145
Australia,Retail,2023,36.2081060606061,34,8.98628787878788,9.74825757575758
Australia,Retail,2024,39.0135384615385,34,9.974,9.88676923076923
Australia,Retail,2025,41.8858139534884,34,10.1703875968992,10.7890697674419
Australia,Retail,2026,43.2276984126984,34,10.3750793650794,11.022380952381
Australia,Technology,2023,42.7721808510638,50,12.3093085106383,11.8140957446809
Australia,Technology,2024,46.6504812834225,50,13.1814973262032,11.7708021390374
Australia,Technology,2025,48.4939779005525,50,13.4687845303867,13.1993922651934
Australia,Technology,2026,50.53859375,50,13.8801041666667,13.65578125
Brazil,Agriculture,2023,33.0240410958904,40,8.16472602739726,8.33801369863014
Brazil,Agriculture,2024,36.360064516129,40,9.06032258064516,8.73303225806452
Brazil,Agriculture,2025,37.3034615384615,40,9.39089743589744,9.0974358974359
Brazil,Agriculture,2026,39.0548,40,9.60946666666667,9.12173333333333
Brazil,Consulting,2023,31.8187356321839,23,8.68609195402299,8.10252873563218
Brazil,Consulting,2024,32.5012790697674,23,8.31313953488372,8.38383720930233
Brazil,Consulting,2025,34.1195402298851,23,9.08885057471264,8.80965517241379
Brazil,Consulting,2026,39.0217857142857,23,9.81511904761905,9.37642857142857
Brazil,Education,2023,32.7900806451613,34,8.60717741935484,8.36032258064516
Brazil,Education,2024,32.9234126984127,34,8.47801587301587,8.06039682539683
Brazil,Education,2025,36.1445736434109,34,9.04635658914729,8.2715503875969
Brazil,Education,2026,39.904262295082,34,9.95549180327869,10.4102459016393
Brazil,Finance,2023,35.416972972973,49,8.88843243243243,8.71216216216216
Brazil,Finance,2024,36.4718079096045,49,8.88966101694915,8.80587570621469
Brazil,Finance,2025,37.5175,49,9.23967391304348,9.49554347826087
Brazil,Finance,2026,40.7101587301587,49,10.1295767195767,10.2307407407407
Brazil,Healthcare,2023,31.2202702702703,29,8.63018018018018,8.14774774774775
Brazil,Healthcare,2024,31.928018018018,29,7.98882882882883,7.28621621621622
Brazil,Healthcare,2025,32.657247706422,29,8.71550458715596,8.19183486238532
Brazil,Healthcare,2026,34.4713513513514,29,8.61,8.69018018018018
Brazil,Logistics,2023,30.0416037735849,29,8.42245283018868,8.16066037735849
Brazil,Logistics,2024,33.4641964285714,29,8.56696428571429,8.848125
Brazil,Logistics,2025,36.3412621359223,29,9.43281553398058,10.1806796116505
Brazil,Logistics,2026,39.3886363636364,29,10.0896363636364,10.0841818181818
Brazil,Manufacturing,2023,34.4076923076923,31,9.03982905982906,9.85350427350427
Brazil,Manufacturing,2024,34.9889743589744,31,9.13897435897436,10.0879487179487
Brazil,Manufacturing,2025,36.6742735042735,31,9.66418803418804,9.46196581196581
Brazil,Manufacturing,2026,38.3310743801653,31,9.70082644628099,10.1740495867769
Brazil,Retail,2023,31.560157480315,34,8.21551181102362,8.0748031496063
Brazil,Retail,2024,33.1640322580645,34,8.59540322580645,8.76217741935484
Brazil,Retail,2025,34.7788549618321,34,8.88419847328244,9.26580152671756
Brazil,Retail,2026,37.8841935483871,34,9.36862903225807,9.58064516129032
Brazil,Technology,2023,40.1453571428571,58,12.0070982142857,10.2911607142857
Brazil,Technology,2024,41.3061502347418,58,11.6768075117371,10.4519248826291
Brazil,Technology,2025,43.0785779816514,58,11.799128440367,10.957247706422
Brazil,Technology,2026,45.1277102803738,58,12.7985046728972,12.1268224299065
Canada,Agriculture,2023,34.07168,33,8.67056,8.89888
Canada,Agriculture,2024,35.5074796747968,33,9.04609756097561,8.89447154471545
Canada,Agriculture,2025,36.60696,33,9.2744,8.91312
Canada,Agriculture,2026,38.0012068965517,33,9.94474137931034,9.28775862068966
Canada,Consulting,2023,33.3325882352941,22,8.54058823529412,8.09764705882353
Canada,Consulting,2024,35.5471951219512,22,8.98451219512195,9.10109756097561
Canada,Consulting,2025,37.2163095238095,22,8.89833333333333,9.05261904761905
Canada,Consulting,2026,39.1554878048781,22,9.61939024390244,9.90743902439024
Canada,Education,2023,34.2627480916031,35,8.75595419847328,8.72458015267176
Canada,Education,2024,35.7000757575758,35,9.3244696969697,8.68181818181818
Canada,Education,2025,36.5159124087591,35,9.11153284671533,8.77846715328467
Canada,Education,2026,38.4680740740741,35,9.62940740740741,8.87459259259259
Canada,Finance,2023,38.8124827586207,39,9.69634482758621,10.0114482758621
Canada,Finance,2024,40.0958620689655,39,10.0735862068966,10.3028965517241
Canada,Finance,2025,41.8530405405405,39,10.3981756756757,10.1927027027027
Canada,Finance,2026,43.0256028368794,39,10.240780141844,10.4319858156028
Canada,Healthcare,2023,37.1122480620155,34,9.20348837209302,9.37286821705426
Canada,Healthcare,2024,37.6117741935484,34,9.62854838709678,9.01274193548387
Canada,Healthcare,2025,40.9270161290323,34,10.3112096774194,9.66612903225806
Canada,Healthcare,2026,43.3208396946565,34,10.3989312977099,11.0315267175573
Canada,Logistics,2023,32.4425,25,7.74697916666667,8.48729166666667
Canada,Logistics,2024,36.403956043956,25,9.2832967032967,9.40252747252747
Canada,Logistics,2025,36.7965625,25,8.64895833333333,10.105
Canada,Logistics,2026,39.0357608695652,25,9.44282608695652,10.5808695652174
Canada,Manufacturing,2023,32.6251851851852,36,8.93185185185185,8.46933333333333
Canada,Manufacturing,2024,34.9216923076923,36,9.26115384615385,9.14930769230769
Canada,Manufacturing,2025,36.7578832116788,36,9.38197080291971,9.30248175182482
Canada,Manufacturing,2026,38.2052592592593,36,10.0181481481482,9.67548148148148
Canada,Retail,2023,36.308,42,9.132625,9.282875
Canada,Retail,2024,38.649358974359,42,9.55141025641026,9.91128205128205
Canada,Retail,2025,40.2996774193548,42,9.70387096774194,10.9396129032258
Canada,Retail,2026,41.467987012987,42,9.81448051948052,10.6498051948052
Canada,Technology,2023,43.8426011560694,47,12.6043352601156,11.428612716763
Canada,Technology,2024,45.5907514450867,47,12.5698265895954,11.9016184971098
Canada,Technology,2025,47.9922033898305,47,13.4279661016949,12.8446327683616
Canada,Technology,2026,50.780393258427,47,14.2015730337079,14.2091011235955
Chile,Agriculture,2023,29.8375,35,8.27779411764706,7.11963235294118
Chile,Agriculture,2024,31.3668702290076,35,8.23473282442748,7.61496183206107
Chile,Agriculture,2025,33.3231578947368,35,8.51526315789474,8.20473684210526
Chile,Agriculture,2026,37.2822480620155,35,9.66635658914729,9.42906976744186
Chile,Consulting,2023,31.9586567164179,35,8.27880597014925,7.62641791044776
Chile,Consulting,2024,35.3612030075188,35,9.21451127819549,8.57105263157895
Chile,Consulting,2025,34.6520149253731,35,8.48716417910448,8.20059701492537
Chile,Consulting,2026,37.8004580152672,35,9.75503816793893,9.66396946564885
Chile,Education,2023,34.5572727272727,29,8.64436363636364,8.08190909090909
Chile,Education,2024,35.3584403669725,29,8.93357798165138,8.39238532110092
Chile,Education,2025,35.72875,29,9.34663461538461,9.0525
Chile,Education,2026,39.1044036697248,29,9.71376146788991,10.0521100917431
Chile,Finance,2023,36.1966814159292,60,9.05703539823009,8.96057522123894
Chile,Finance,2024,38.3264757709251,60,9.26669603524229,9.46392070484582
Chile,Finance,2025,39.9197391304348,60,9.60256521739131,9.77830434782609
Chile,Finance,2026,41.2258333333333,60,9.92877192982456,10.2877631578947
Chile,Healthcare,2023,31.167696969697,44,8.35642424242424,7.73
Chile,Healthcare,2024,32.3874233128834,44,8.49852760736196,8.22337423312884
Chile,Healthcare,2025,35.956303030303,44,9.01654545454545,8.78563636363636
Chile,Healthcare,2026,36.6579878048781,44,9.06219512195122,9.33158536585366
Chile,Logistics,2023,33.1381012658228,21,8.23911392405063,8.04607594936709
Chile,Logistics,2024,34.9539743589744,21,9.35333333333333,9.37602564102564
Chile,Logistics,2025,34.8239240506329,21,8.90126582278481,9.30924050632911
Chile,Logistics,2026,38.9537974683544,21,9.96481012658228,9.66784810126582
Chile,Manufacturing,2023,30.5902380952381,44,8.03392857142857,7.80452380952381
Chile,Manufacturing,2024,34.2841818181818,44,8.86557575757576,9.27836363636364
Chile,Manufacturing,2025,34.7712804878049,44,9.06713414634146,9.01493902439025
Chile,Manufacturing,2026,38.1717073170732,44,9.41548780487805,9.45969512195122
Chile,Retail,2023,34.0871034482759,39,8.91337931034483,9.37262068965517
Chile,Retail,2024,35.7909722222222,39,9.39618055555556,9.02701388888889
Chile,Retail,2025,36.8753103448276,39,9.26020689655172,9.18434482758621
Chile,Retail,2026,38.4539455782313,39,9.54972789115646,9.83836734693878
Chile,Technology,2023,39.4743835616438,38,11.7044520547945,10.1380136986301
Chile,Technology,2024,44.2673469387755,38,12.1229931972789,10.9287074829932
Chile,Technology,2025,44.7459712230216,38,12.5029496402878,11.8879856115108
Chile,Technology,2026,44.7687857142857,38,12.5936428571429,11.7150714285714
China,Agriculture,2023,29.7423255813954,35,8.05782945736434,7.40170542635659
China,Agriculture,2024,32.8036923076923,35,8.84838461538462,8.03146153846154
China,Agriculture,2025,34.66875,35,8.796953125,8.70625
China,Agriculture,2026,37.9169172932331,35,9.3293984962406,9.13984962406015
China,Consulting,2023,29.1896183206107,34,7.92167938931298,7.03419847328244
China,Consulting,2024,30.24546875,34,7.807109375,7.48109375
China,Consulting,2025,31.700859375,34,8.52703125,8.51953125
China,Consulting,2026,34.054296875,34,8.55109375,8.266171875
China,Education,2023,29.4721649484536,27,8.46556701030928,7.93546391752577
China,Education,2024,29.2332989690722,27,8.17752577319588,7.74505154639175
China,Education,2025,32.0078431372549,27,8.56627450980392,7.63754901960784
China,Education,2026,34.6980188679245,27,8.92198113207547,8.48150943396226
China,Finance,2023,33.8059854014599,36,9.23518248175182,8.98357664233577
China,Finance,2024,35.0630434782609,36,9.07485507246377,8.82231884057971
China,Finance,2025,37.5896212121212,36,9.18507575757576,10.7971212121212
China,Finance,2026,38.7727480916031,36,9.88862595419847,9.26213740458015
China,Healthcare,2023,30.516,35,8.59661538461539,7.87161538461538
China,Healthcare,2024,34.315223880597,35,9.06179104477612,8.95731343283582
China,Healthcare,2025,35.5397674418605,35,9.15961240310078,9.15015503875969
China,Healthcare,2026,37.13,35,9.64569230769231,9.01523076923077
China,Logistics,2023,30.3040707964602,31,8.42929203539823,8.19433628318584
China,Logistics,2024,31.4287931034483,31,8.82431034482759,8.77827586206896
China,Logistics,2025,30.9456034482759,31,8.61534482758621,7.73206896551724
China,Logistics,2026,34.8894214876033,31,9.10239669421488,9.35066115702479
China,Manufacturing,2023,26.0833333333333,27,7.54989898989899,7.30030303030303
China,Manufacturing,2024,27.9455,27,7.4659,7.6188
China,Manufacturing,2025,29.5956435643564,27,7.57237623762376,7.55861386138614
China,Manufacturing,2026,33.4416666666667,27,8.17607843137255,8.6443137254902
China,Retail,2023,30.904262295082,50,8.36087431693989,7.74628415300546
China,Retail,2024,30.2352197802198,50,8.25994505494506,8.04923076923077
China,Retail,2025,34.0701595744681,50,8.75654255319149,8.42143617021277
China,Retail,2026,35.2121761658031,50,8.67787564766839,8.8720725388601
China,Technology,2023,37.4924113475177,38,11.0952482269504,10.0131914893617
China,Technology,2024,37.9836428571429,38,11.3669285714286,9.78171428571429
China,Technology,2025,41.9906382978723,38,11.8016312056738,11.0790780141844
China,Technology,2026,42.0518881118881,38,11.8413986013986,10.894965034965
Colombia,Agriculture,2023,32.6760416666667,39,8.35972222222222,8.41736111111111
Colombia,Agriculture,2024,34.9927027027027,39,8.57216216216216,7.99594594594595
Colombia,Agriculture,2025,35.838,39,9.03986206896552,8.97344827586207
Colombia,Agriculture,2026,37.7426712328767,39,9.34917808219178,9.25890410958904
Colombia,Consulting,2023,30.7342105263158,33,7.89587719298246,7.67964912280702
Colombia,Consulting,2024,33.2806349206349,33,9.04619047619048,7.98420634920635
Colombia,Consulting,2025,35.87,33,9.0150406504065,8.73406504065041
Colombia,Consulting,2026,36.7240983606557,33,9.09877049180328,8.63008196721311
Colombia,Education,2023,33.1884615384615,37,8.88356643356643,8.10384615384615
Colombia,Education,2024,34.1560869565217,37,9.00057971014493,9.25101449275362
Colombia,Education,2025,36.9563768115942,37,9.71297101449275,9.64666666666667
Colombia,Education,2026,38.5526515151515,37,9.61636363636364,9.6144696969697
Colombia,Finance,2023,36.8623684210526,40,8.9946052631579,8.79776315789474
Colombia,Finance,2024,40.5921052631579,40,9.87638157894737,9.66723684210526
Colombia,Finance,2025,43.1625333333333,40,10.2028,10.7247333333333
Colombia,Finance,2026,43.6951351351351,40,10.4114864864865,10.5211486486487
Colombia,Healthcare,2023,32.0014503816794,35,8.60320610687023,7.85053435114504
Colombia,Healthcare,2024,31.4331851851852,35,8.30711111111111,8.36511111111111
Colombia,Healthcare,2025,33.8051145038168,35,8.7524427480916,8.14748091603053
Colombia,Healthcare,2026,34.949375,35,8.556640625,8.4440625
Colombia,Logistics,2023,36.7250458715596,29,9.01788990825688,9.64091743119266
Colombia,Logistics,2024,39.5048214285714,29,9.459375,9.80508928571429
Colombia,Logistics,2025,40.9530555555556,29,9.8462962962963,10.4848148148148
Colombia,Logistics,2026,43.8885849056604,29,10.6149056603774,11.2095283018868
Colombia,Manufacturing,2023,29.666953125,36,7.903359375,7.7103125
Colombia,Manufacturing,2024,31.9402985074627,36,8.31223880597015,8.07298507462687
Colombia,Manufacturing,2025,34.6860294117647,36,8.79036764705882,8.61889705882353
Colombia,Manufacturing,2026,37.157251908397,36,9.33786259541985,9.92702290076336
Colombia,Retail,2023,32.7967692307692,35,8.79838461538462,8.06076923076923
Colombia,Retail,2024,34.8907407407407,35,8.98948148148148,9.1437037037037
Colombia,Retail,2025,37.1732258064516,35,9.18209677419355,8.77201612903226
Colombia,Retail,2026,38.015223880597,35,9.84149253731343,9.67970149253731
Colombia,Technology,2023,41.7556976744186,46,12.0123837209302,10.9073837209302
Colombia,Technology,2024,45.2461046511628,46,12.5473255813954,12.0169767441861
Colombia,Technology,2025,45.8143181818182,46,12.851875,11.8030681818182
Colombia,Technology,2026,46.4254545454545,46,13.1460606060606,12.2415151515152
Egypt,Agriculture,2023,29.0475912408759,37,8.02649635036496,7.09613138686131
Egypt,Agriculture,2024,31.0076428571429,37,8.187,8.63564285714286
Egypt,Agriculture,2025,32.4915,37,8.83821428571429,8.63935714285714
Egypt,Agriculture,2026,33.39125,37,8.833125,8.271875
Egypt,Consulting,2023,26.5584868421053,40,7.40315789473684,6.29118421052632
Egypt,Consulting,2024,28.5236734693878,39,8.43863945578231,7.25442176870748
Egypt,Consulting,2025,30.5669677419355,40,7.94941935483871,7.62709677419355
Egypt,Consulting,2026,32.4064,40,8.65606666666667,7.63093333333333
Egypt,Education,2023,28.1349206349206,34,8.20230158730159,6.89642857142857
Egypt,Education,2024,31.58496,34,8.54952,6.70056
Egypt,Education,2025,30.7241085271318,34,8.36643410852713,8.3253488372093
Egypt,Education,2026,35.5575806451613,34,8.66733870967742,8.80298387096774
Egypt,Finance,2023,32.4982681564246,46,8.63486033519553,8.05134078212291
Egypt,Finance,2024,33.5885798816568,46,8.76609467455621,8.28047337278107
Egypt,Finance,2025,34.5789880952381,46,8.8614880952381,8.44738095238095
Egypt,Finance,2026,37.4527011494253,46,9.33902298850575,9.27775862068966
Egypt,Healthcare,2023,29.7637908496732,41,8.1883660130719,7.17947712418301
Egypt,Healthcare,2024,31.463935483871,41,8.29561290322581,7.94058064516129
Egypt,Healthcare,2025,33.8860689655172,41,8.97075862068965,8.11386206896552
Egypt,Healthcare,2026,36.0929605263158,41,9.50671052631579,9.32171052631579
Egypt,Logistics,2023,33.2447422680412,26,8.57175257731959,8.72865979381443
Egypt,Logistics,2024,35.2161,26,8.8361,8.5888
Egypt,Logistics,2025,37.7612121212121,26,9.26313131313131,10.3152525252525
Egypt,Logistics,2026,40.4939603960396,26,9.83554455445545,10.599702970297
Egypt,Manufacturing,2023,32.1435555555556,36,8.66088888888889,8.11607407407407
Egypt,Manufacturing,2024,32.1857664233577,36,8.72905109489051,8.5451094890511
Egypt,Manufacturing,2025,34.12125,36,9.07852941176471,9.27411764705882
Egypt,Manufacturing,2026,37.8213768115942,36,9.49007246376812,9.53492753623188
Egypt,Retail,2023,27.7966071428571,45,7.74702380952381,7.5125
Egypt,Retail,2024,29.8779268292683,45,7.65256097560976,7.42792682926829
Egypt,Retail,2025,30.4216860465116,45,7.73627906976744,7.53959302325581
Egypt,Retail,2026,33.1418292682927,45,8.71896341463415,8.83554878048781
Egypt,Technology,2023,34.8351428571429,37,10.9723571428571,9.11985714285714
Egypt,Technology,2024,35.3811267605634,37,10.9028169014085,8.68415492957747
Egypt,Technology,2025,38.2807518796993,37,11.3169172932331,9.93458646616541
Egypt,Technology,2026,40.8551111111111,37,12.05,10.9134814814815
France,Agriculture,2023,33.5727450980392,42,8.78457516339869,8.85627450980392
France,Agriculture,2024,38.5314012738854,42,9.79535031847134,9.37312101910828
France,Agriculture,2025,38.5217721518987,42,9.59189873417722,9.15139240506329
France,Agriculture,2026,40.0952903225807,42,9.95722580645161,10.2975483870968
France,Consulting,2023,33.0324742268041,25,8.98175257731959,8.98773195876289
France,Consulting,2024,32.7455208333333,25,8.7271875,8.53447916666667
France,Consulting,2025,34.6142105263158,25,9.07768421052632,9.19115789473684
France,Consulting,2026,39.2829787234043,25,10.2704255319149,9.85936170212766
France,Education,2023,33.7069285714286,39,8.92535714285714,8.40414285714286
France,Education,2024,38.1254794520548,39,9.66109589041096,8.79171232876712
France,Education,2025,39.2028,39,9.98746666666667,10.1912
France,Education,2026,40.4650340136054,39,9.9487074829932,10.2973469387755
France,Finance,2023,37.8070114942529,45,9.52385057471265,9.08051724137931
France,Finance,2024,39.0266666666667,45,9.69005952380952,9.65726190476191
France,Finance,2025,41.3184117647059,45,10.1441764705882,10.6698235294118
France,Finance,2026,40.9907926829268,45,9.9394512195122,9.96384146341463
France,Healthcare,2023,34.4614634146342,43,8.90786585365854,8.68286585365854
France,Healthcare,2024,35.3508860759494,43,8.99550632911392,8.50708860759494
France,Healthcare,2025,37.965987654321,43,9.54820987654321,9.43586419753086
France,Healthcare,2026,41.006875,43,9.8145625,9.7565
France,Logistics,2023,36.2378947368421,31,9.59833333333333,10.4368421052632
France,Logistics,2024,35.4170689655173,31,9.00655172413793,9.0776724137931
France,Logistics,2025,38.0697478991597,31,9.93016806722689,9.9146218487395
France,Logistics,2026,41.257610619469,31,10.3427433628319,11.3478761061947
France,Manufacturing,2023,30.5003255813954,58,8.30772093023256,8.31386046511628
France,Manufacturing,2024,33.0528767123288,58,8.73442922374429,8.35315068493151
France,Manufacturing,2025,35.4403255813954,58,9.19358139534884,8.89548837209302
France,Manufacturing,2026,37.3739545454545,58,9.74463636363636,9.60809090909091
France,Retail,2023,34.1357894736842,41,8.98796052631579,9.40098684210526
France,Retail,2024,35.0416447368421,41,8.97282894736842,9.0246052631579
France,Retail,2025,37.1275974025974,41,9.68428571428571,9.42662337662338
France,Retail,2026,39.5550322580645,41,9.82451612903226,10.1543870967742
France,Technology,2023,38.2206735751295,52,11.3511917098446,10.1573575129534
France,Technology,2024,41.7069035532995,52,11.9383248730965,11.302538071066
France,Technology,2025,42.0360199004975,52,12.1887562189055,11.0059701492537
France,Technology,2026,44.0778350515464,52,12.3226288659794,11.5790721649485
Germany,Agriculture,2023,27.3833108108108,41,7.38871621621622,6.22182432432433
Germany,Agriculture,2024,28.8001290322581,41,7.87845161290323,7.16303225806452
Germany,Agriculture,2025,30.617302631579,41,7.97901315789474,7.88782894736842
Germany,Agriculture,2026,33.6205960264901,41,8.22649006622517,8.19152317880795
Germany,Consulting,2023,31.2541379310345,31,8.72663793103448,8.34405172413793
Germany,Consulting,2024,32.9691379310345,31,8.85422413793103,8.42646551724138
Germany,Consulting,2025,35.8269421487603,31,9.39446280991736,9.43404958677686
Germany,Consulting,2026,35.6004273504274,31,9.57102564102564,8.82948717948718
Germany,Education,2023,29.3010752688172,49,8.22795698924731,7.53231182795699
Germany,Education,2024,31.7002688172043,49,8.71811827956989,8.11548387096774
Germany,Education,2025,35.3064673913044,49,9.3270652173913,9.30391304347826
Germany,Education,2026,36.5810106382979,49,9.49659574468085,8.59382978723404
Germany,Finance,2023,32.1245098039216,41,8.43705882352941,7.72196078431373
Germany,Finance,2024,34.574025974026,41,9.11753246753247,8.85727272727273
Germany,Finance,2025,36.0558,41,9.3172,9.30846666666667
Germany,Finance,2026,38.0675,41,9.45929487179487,9.6601282051282
Germany,Healthcare,2023,32.7202564102564,42,8.7149358974359,8.49628205128205
Germany,Healthcare,2024,33.1368789808917,42,8.65350318471338,8.28700636942675
Germany,Healthcare,2025,35.1925949367089,42,9.28930379746836,8.70658227848101
Germany,Healthcare,2026,38.1521875,42,9.5720625,9.66475
Germany,Logistics,2023,34.1122115384615,28,8.99269230769231,9.48509615384615
Germany,Logistics,2024,35.1721,28,9.5583,9.3398
Germany,Logistics,2025,36.2356190476191,28,9.0792380952381,9.03809523809524
Germany,Logistics,2026,38.1674257425743,28,9.27425742574257,9.75425742574257
Germany,Manufacturing,2023,32.3145774647887,38,8.26521126760563,8.32443661971831
Germany,Manufacturing,2024,31.350625,38,8.17625,7.46326388888889
Germany,Manufacturing,2025,34.8384782608696,38,8.81724637681159,8.84021739130435
Germany,Manufacturing,2026,36.389014084507,38,9.16725352112676,8.725
Germany,Retail,2023,28.9361290322581,41,7.93529032258065,7.74606451612903
Germany,Retail,2024,31.1105960264901,41,8.26384105960265,7.79245033112583
Germany,Retail,2025,33.1296103896104,41,8.49025974025974,8.6611038961039
Germany,Retail,2026,34.8298709677419,41,8.91432258064516,8.51503225806452
Germany,Technology,2023,39.0533742331288,45,11.4058895705522,10.2169938650307
Germany,Technology,2024,41.9688554216868,45,12.1618674698795,10.8856626506024
Germany,Technology,2025,42.2353529411765,45,11.8925882352941,11.0443529411765
Germany,Technology,2026,43.8068208092486,45,12.2280346820809,11.521098265896
India,Agriculture,2023,29.6437209302326,34,7.68271317829457,7.67418604651163
India,Agriculture,2024,33.24904,34,8.3652,8.012
India,Agriculture,2025,33.221171875,34,8.666328125,7.418125
India,Agriculture,2026,35.6726923076923,34,9.11092307692308,8.66676923076923
India,Consulting,2023,32.2612962962963,28,8.7112037037037,7.87527777777778
India,Consulting,2024,33.487641509434,28,8.94415094339623,7.98707547169811
India,Consulting,2025,35.7333333333333,28,9.2037962962963,9.28574074074074
India,Consulting,2026,35.9696330275229,28,9.13238532110092,9.44477064220184
India,Education,2023,33.1068115942029,37,8.78376811594203,8.34963768115942
India,Education,2024,35.8982857142857,37,9.46885714285714,9.48385714285714
India,Education,2025,37.0406382978723,37,9.7936170212766,9.37120567375887
India,Education,2026,38.4197857142857,37,9.848,9.97342857142857
India,Finance,2023,36.940782122905,48,9.30508379888268,8.8495530726257
India,Finance,2024,37.1706818181818,48,9.34642045454545,9.36556818181818
India,Finance,2025,39.8769832402235,48,9.75279329608939,10.1742458100559
India,Finance,2026,42.7837912087912,48,10.297032967033,11.0592857142857
India,Healthcare,2023,31.5378472222222,38,8.41215277777778,8.15006944444444
India,Healthcare,2024,34.2614583333333,38,8.99881944444444,9.05597222222222
India,Healthcare,2025,36.6468493150685,38,9.44034246575343,8.97219178082192
India,Healthcare,2026,37.8863888888889,38,10.0013194444444,9.88972222222222
India,Logistics,2023,32.770380952381,29,8.41638095238095,8.47352380952381
India,Logistics,2024,33.0484403669725,29,8.58302752293578,8.99660550458716
India,Logistics,2025,36.5098113207547,29,9.08471698113208,9.5311320754717
India,Logistics,2026,36.2758771929825,29,8.97508771929825,9.03535087719298
India,Manufacturing,2023,32.0139548022599,49,8.60084745762712,8.31395480225989
India,Manufacturing,2024,34.5306703910615,49,8.92256983240224,9.0359217877095
India,Manufacturing,2025,35.7436363636364,49,9.05967914438503,8.85470588235294
India,Manufacturing,2026,37.5087567567568,49,9.7432972972973,9.91367567567568
India,Retail,2023,31.3909174311927,29,8.20844036697248,8.17009174311927
India,Retail,2024,32.1132432432433,29,8.90018018018018,8.64063063063063
India,Retail,2025,35.6157943925234,29,8.85579439252336,9.99644859813084
India,Retail,2026,36.6053097345133,29,9.06637168141593,9.79159292035398
India,Technology,2023,41.1471739130435,36,12.2935507246377,11.3832608695652
India,Technology,2024,43.6220437956204,36,12.2378832116788,12.1687591240876
India,Technology,2025,45.3185606060606,36,12.7529545454546,11.787196969697
India,Technology,2026,47.2250735294118,36,13.0949264705882,13.0180882352941
Indonesia,Agriculture,2023,31.7824742268041,26,8.57010309278351,7.93329896907216
Indonesia,Agriculture,2024,33.12875,26,8.47572916666667,8.27083333333333
Indonesia,Agriculture,2025,33.6875757575758,26,8.98919191919192,8.18737373737374
Indonesia,Agriculture,2026,36.0957,26,8.8722,8.3391
Indonesia,Consulting,2023,32.4031896551724,30,8.19413793103448,7.83568965517241
Indonesia,Consulting,2024,33.2478571428571,30,8.43294642857143,8.28196428571429
Indonesia,Consulting,2025,36.706880733945,30,9.19559633027523,9.28348623853211
Indonesia,Consulting,2026,34.6891071428571,30,8.563125,8.80553571428571
Indonesia,Education,2023,32.702323943662,37,8.29950704225352,8.28056338028169
Indonesia,Education,2024,34.5724626865672,37,8.94955223880597,8.24731343283582
Indonesia,Education,2025,36.8439705882353,37,9.23352941176471,9.66470588235294
Indonesia,Education,2026,39.9528985507246,37,9.70463768115942,9.70326086956522
Indonesia,Finance,2023,34.745632183908,46,9.2167816091954,8.89614942528736
Indonesia,Finance,2024,36.2851190476191,46,8.92916666666667,8.34767857142857
Indonesia,Finance,2025,39.652899408284,46,9.79834319526627,9.94183431952663
Indonesia,Finance,2026,41.1697604790419,46,9.72700598802395,10.4676646706587
Indonesia,Healthcare,2023,32.522893081761,42,8.30974842767296,8.51408805031447
Indonesia,Healthcare,2024,34.1254248366013,42,9.00888888888889,8.46562091503268
Indonesia,Healthcare,2025,36.0620512820513,42,9.10352564102564,8.64570512820513
Indonesia,Healthcare,2026,37.2841717791411,42,9.35625766871166,9.36773006134969
Indonesia,Logistics,2023,35.48,26,8.95234693877551,8.64459183673469
Indonesia,Logistics,2024,35.3845454545455,26,8.82171717171717,8.79626262626263
Indonesia,Logistics,2025,37.289387755102,26,9.27989795918368,10.05
Indonesia,Logistics,2026,40.6989795918367,26,10.189387755102,10.2559183673469
Indonesia,Manufacturing,2023,33.2465957446809,25,8.64053191489362,8.93776595744681
Indonesia,Manufacturing,2024,35.405376344086,25,8.80645161290323,9.0105376344086
Indonesia,Manufacturing,2025,35.8352631578947,25,8.90621052631579,9.1361052631579
Indonesia,Manufacturing,2026,40.1832291666667,25,9.62708333333333,10.8380208333333
Indonesia,Retail,2023,34.4122,40,9.12306666666667,8.96013333333333
Indonesia,Retail,2024,36.1591390728477,40,9.29582781456954,10.085761589404
Indonesia,Retail,2025,38.5438620689655,40,9.86062068965517,9.78441379310345
Indonesia,Retail,2026,40.3766891891892,40,9.68506756756757,10.0253378378378
Indonesia,Technology,2023,39.2391509433962,57,11.8352830188679,10.2616037735849
Indonesia,Technology,2024,40.7235023041475,57,12.0429953917051,11.0883870967742
Indonesia,Technology,2025,42.8724285714286,57,12.3890476190476,10.8595714285714
Indonesia,Technology,2026,44.7138862559242,57,12.6875355450237,12.0090047393365
Italy,Agriculture,2023,29.9688636363636,24,7.74136363636364,6.76556818181818
Italy,Agriculture,2024,33.2536666666667,24,8.28011111111111,8.19744444444445
Italy,Agriculture,2025,34.8674444444444,24,8.92588888888889,8.45444444444444
Italy,Agriculture,2026,36.2165909090909,24,9.16238636363636,8.70875
Italy,Consulting,2023,33.3194059405941,27,8.9690099009901,8.50277227722772
Italy,Consulting,2024,36.5204,27,9.7463,8.9646
Italy,Consulting,2025,36.2470873786408,27,9.10757281553398,9.13980582524272
Italy,Consulting,2026,39.4787878787879,27,9.87181818181818,10.6019191919192
Italy,Education,2023,33.3791743119266,30,8.47651376146789,7.83559633027523
Italy,Education,2024,35.2748214285714,30,8.96285714285714,8.95160714285714
Italy,Education,2025,37.7780701754386,30,9.51842105263158,9.79701754385965
Italy,Education,2026,38.8995726495727,30,9.69025641025641,9.66350427350428
Italy,Finance,2023,34.2627411167513,52,8.80791878172589,8.44228426395939
Italy,Finance,2024,36.6911340206186,52,9.28231958762887,8.5490206185567
Italy,Finance,2025,39.4062564102564,52,9.78758974358974,9.6365641025641
Italy,Finance,2026,41.0257711442786,52,9.74582089552239,9.77268656716418
Italy,Healthcare,2023,29.6355172413793,38,7.896,6.87489655172414
Italy,Healthcare,2024,30.7948611111111,38,7.88541666666667,8.14444444444444
Italy,Healthcare,2025,33.2694326241135,38,8.83113475177305,8.34652482269503
Italy,Healthcare,2026,36.1037142857143,38,9.11742857142857,8.7385
Italy,Logistics,2023,29.3665384615385,28,7.88548076923077,7.42115384615385
Italy,Logistics,2024,34.741308411215,28,8.92196261682243,8.87897196261682
Italy,Logistics,2025,34.4033944954128,28,9.07449541284404,8.72669724770642
Italy,Logistics,2026,35.5459047619048,28,9.43266666666667,8.58542857142857
Italy,Manufacturing,2023,34.9172262773723,38,9.13686131386861,9.15014598540146
Italy,Manufacturing,2024,37.5768148148148,38,9.65540740740741,10.1014074074074
Italy,Manufacturing,2025,39.3587412587413,38,9.62692307692308,10.4927272727273
Italy,Manufacturing,2026,42.854,38,10.1795172413793,10.5504137931035
Italy,Retail,2023,32.3503076923077,34,8.662,8.61607692307692
Italy,Retail,2024,33.6000787401575,34,8.93322834645669,9.08590551181102
Italy,Retail,2025,38.465859375,34,10.0284375,10.2875
Italy,Retail,2026,39.5390476190476,34,9.80119047619048,10.212380952381
Italy,Technology,2023,37.59859030837,60,11.3796035242291,9.68629955947137
Italy,Technology,2024,42.8325663716814,60,12.3734955752212,11.1226991150443
Italy,Technology,2025,43.3734080717489,60,12.4302242152466,11.6736771300448
Italy,Technology,2026,45.5340807174888,60,12.6532286995516,12.1771748878924
Japan,Agriculture,2023,32.5350442477876,30,8.89743362831858,8.38353982300885
Japan,Agriculture,2024,33.0182142857143,30,8.765625,7.99285714285714
Japan,Agriculture,2025,35.7602654867257,30,9.21398230088496,8.98973451327434
Japan,Agriculture,2026,37.9429203539823,30,9.70575221238938,9.64300884955752
Japan,Consulting,2023,33.0135042735043,33,8.81675213675214,8.71760683760684
Japan,Consulting,2024,35.4106299212598,33,9.07811023622047,8.88685039370079
Japan,Consulting,2025,37.9667213114754,33,9.7805737704918,9.85081967213115
Japan,Consulting,2026,39.4188709677419,33,10.0783870967742,10.4262903225806
Japan,Education,2023,31.5668098159509,43,8.24276073619632,7.8919018404908
Japan,Education,2024,34.0676073619632,43,8.89343558282209,8.73687116564417
Japan,Education,2025,36.0517469879518,43,8.77650602409639,8.6121686746988
Japan,Education,2026,37.7578527607362,43,9.52822085889571,9.27276073619632
Japan,Finance,2023,33.3367741935484,57,8.76281105990783,7.89129032258065
Japan,Finance,2024,34.8533789954338,57,8.85337899543379,8.69365296803653
Japan,Finance,2025,36.0077674418605,57,9.06702325581395,9.1686976744186
Japan,Finance,2026,38.8216129032258,57,9.7041935483871,9.50889400921659
Japan,Healthcare,2023,30.3906578947368,41,8.17993421052632,6.93013157894737
Japan,Healthcare,2024,31.4370322580645,41,8.08283870967742,7.27374193548387
Japan,Healthcare,2025,33.7602721088435,41,8.88068027210884,8.55897959183674
Japan,Healthcare,2026,35.8013548387097,41,9.18483870967742,8.29909677419355
Japan,Logistics,2023,31.0901769911504,30,8.02451327433628,7.7912389380531
Japan,Logistics,2024,31.1845217391304,30,8.03626086956522,8.06017391304348
Japan,Logistics,2025,35.1793103448276,30,8.90422413793104,9.27068965517242
Japan,Logistics,2026,37.1908411214953,30,9.33140186915888,9.65364485981309
Japan,Manufacturing,2023,32.2842073170732,43,8.67384146341463,7.89835365853659
Japan,Manufacturing,2024,34.748,43,9.08036363636364,9.07418181818182
Japan,Manufacturing,2025,36.1000591715976,43,9.05828402366864,9.29644970414201
Japan,Manufacturing,2026,37.9539285714286,43,9.78565476190476,10.0122619047619
Japan,Retail,2023,30.2609523809524,44,8.23666666666667,8.01940476190476
Japan,Retail,2024,34.1940243902439,44,8.75786585365854,8.82103658536586
Japan,Retail,2025,34.5761728395062,44,8.95086419753086,9.13851851851852
Japan,Retail,2026,35.3940828402367,44,8.76639053254438,9.36834319526627
Japan,Technology,2023,38.5018041237114,52,11.2395360824742,9.70824742268041
Japan,Technology,2024,41.4587628865979,52,11.9610824742268,10.8287113402062
Japan,Technology,2025,43.1978645833333,52,12.2359895833333,11.4270833333333
Japan,Technology,2026,44.6175,52,12.1752551020408,11.3732142857143
Kenya,Agriculture,2023,32.9875555555556,24,8.35744444444444,8.01211111111111
Kenya,Agriculture,2024,34.2470652173913,24,8.79054347826087,8.61032608695652
Kenya,Agriculture,2025,36.3395652173913,24,9.46945652173913,10.1257608695652
Kenya,Agriculture,2026,34.8902197802198,24,9.03593406593407,9.19527472527473
Kenya,Consulting,2023,30.1123931623932,32,8.39888888888889,7.85376068376068
Kenya,Consulting,2024,32.5017948717949,32,8.98068376068376,8.48
Kenya,Consulting,2025,35.2474380165289,32,9.21413223140496,8.75528925619835
Kenya,Consulting,2026,34.9248275862069,32,9.28336206896552,9.09637931034483
Kenya,Education,2023,31.4779487179487,22,8.52910256410256,7.57038461538462
Kenya,Education,2024,35.6291891891892,22,9.48581081081081,9.1877027027027
Kenya,Education,2025,35.6246428571429,22,9.76845238095238,9.62904761904762
Kenya,Education,2026,37.6432926829268,22,10.0191463414634,10.4596341463415
Kenya,Finance,2023,31.9602873563218,48,8.70051724137931,8.09270114942529
Kenya,Finance,2024,34.149375,48,8.43386363636364,8.71880681818182
Kenya,Finance,2025,36.3630810810811,48,9.26751351351351,9.1065945945946
Kenya,Finance,2026,37.4497752808989,48,9.26522471910112,9.54112359550562
Kenya,Healthcare,2023,30.3874285714286,55,8.15438095238095,7.59819047619048
Kenya,Healthcare,2024,33.7736538461539,55,8.56519230769231,8.68317307692308
Kenya,Healthcare,2025,34.381884057971,55,8.42014492753623,8.08019323671498
Kenya,Healthcare,2026,35.9962441314554,55,8.93553990610329,8.53633802816901
Kenya,Logistics,2023,30.6460176991151,30,7.90407079646018,7.51300884955752
Kenya,Logistics,2024,31.6298198198198,30,8.44387387387388,8.11288288288288
Kenya,Logistics,2025,33.075775862069,30,8.39241379310345,8.77318965517241
Kenya,Logistics,2026,34.6400854700855,30,8.73529914529915,8.79136752136752
Kenya,Manufacturing,2023,32.2287820512821,43,8.57333333333333,7.95108974358974
Kenya,Manufacturing,2024,34.055243902439,43,8.92628048780488,9.38323170731707
Kenya,Manufacturing,2025,34.6906134969325,43,9.21251533742331,9.93036809815951
Kenya,Manufacturing,2026,38.2491463414634,43,9.75439024390244,10.0980487804878
Kenya,Retail,2023,31.3781355932203,31,8.66389830508475,7.61915254237288
Kenya,Retail,2024,31.7262608695652,31,8.16278260869565,8.66530434782609
Kenya,Retail,2025,33.9243220338983,31,8.2071186440678,9.22627118644068
Kenya,Retail,2026,36.2208035714286,31,8.96089285714286,9.05392857142857
Kenya,Technology,2023,37.8447651006711,40,11.2343624161074,9.29946308724832
Kenya,Technology,2024,40.2406849315069,40,12.0385616438356,10.4994520547945
Kenya,Technology,2025,41.3866883116883,40,11.9718831168831,11.2001298701299
Kenya,Technology,2026,43.6398666666667,40,12.5061333333333,11.9333333333333
Malaysia,Agriculture,2023,31.5813043478261,32,8.65747826086957,8.17260869565217
Malaysia,Agriculture,2024,33.853781512605,32,8.91008403361345,8.41159663865546
Malaysia,Agriculture,2025,33.8847107438017,32,8.84710743801653,9.13190082644628
Malaysia,Agriculture,2026,36.4118333333333,32,9.32083333333333,9.06225
Malaysia,Consulting,2023,27.3052272727273,23,7.51681818181818,6.42522727272727
Malaysia,Consulting,2024,32.5718181818182,23,8.25772727272727,8.33431818181818
Malaysia,Consulting,2025,33.9402247191011,23,8.70460674157303,8.2285393258427
Malaysia,Consulting,2026,33.1210344827586,23,8.46091954022988,9.09218390804598
Malaysia,Education,2023,31.3884459459459,39,8.2097972972973,7.41378378378378
Malaysia,Education,2024,33.1966666666667,39,8.66131944444445,8.231875
Malaysia,Education,2025,35.6186486486487,39,8.99716216216216,9.33081081081081
Malaysia,Education,2026,37.2978767123288,39,9.1654794520548,8.88178082191781
Malaysia,Finance,2023,32.7389516129032,34,8.90225806451613,8.13572580645161
Malaysia,Finance,2024,33.5743410852713,34,9.06961240310078,8.50829457364341
Malaysia,Finance,2025,36.5088976377953,34,9.16204724409449,8.5403937007874
Malaysia,Finance,2026,39.155546875,34,9.75125,9.290546875
Malaysia,Healthcare,2023,27.9345695364238,40,7.7041059602649,6.92450331125828
Malaysia,Healthcare,2024,30.8520512820513,40,8.62826923076923,7.24064102564103
Malaysia,Healthcare,2025,31.7364666666667,40,8.28566666666667,7.23906666666667
Malaysia,Healthcare,2026,32.1759602649007,40,8.37715231788079,8.04397350993378
Malaysia,Logistics,2023,31.9393939393939,26,8.50727272727273,8.38979797979798
Malaysia,Logistics,2024,31.8866666666667,26,8.58737373737374,7.76656565656566
Malaysia,Logistics,2025,35.799494949495,26,9.04424242424243,9.41838383838384
Malaysia,Logistics,2026,36.3603,26,8.9853,9.8673
Malaysia,Manufacturing,2023,30.4161481481482,35,8.08955555555555,8.13592592592593
Malaysia,Manufacturing,2024,31.7170229007634,35,8.49419847328244,7.77458015267176
Malaysia,Manufacturing,2025,31.71056,35,8.32376,8.50184
Malaysia,Manufacturing,2026,35.940303030303,35,9.18181818181818,8.94310606060606
Malaysia,Retail,2023,30.6801526717557,35,8.04190839694657,8.22717557251908
Malaysia,Retail,2024,32.6622388059702,35,8.82208955223881,9.01373134328358
Malaysia,Retail,2025,33.6258518518519,35,8.63311111111111,9.28503703703704
Malaysia,Retail,2026,36.1381203007519,35,9.08187969924812,9.64796992481203
Malaysia,Technology,2023,35.9924861878453,49,10.8061325966851,9.28342541436464
Malaysia,Technology,2024,39.5615675675676,49,11.4128108108108,10.714
Malaysia,Technology,2025,39.9113043478261,49,11.5819565217391,10.3477717391304
Malaysia,Technology,2026,41.1709677419355,49,12.1761290322581,10.8163978494624
Netherlands,Agriculture,2023,29.7288095238095,34,7.95650793650794,6.97539682539683
Netherlands,Agriculture,2024,30.689921875,34,8.555546875,8.28125
Netherlands,Agriculture,2025,33.4721705426357,34,9.07232558139535,7.87395348837209
Netherlands,Agriculture,2026,33.3207936507937,34,8.34214285714286,8.47246031746032
Netherlands,Consulting,2023,30.435775862069,31,8.14155172413793,8.02387931034483
Netherlands,Consulting,2024,32.0764957264957,31,8.67606837606838,7.84435897435897
Netherlands,Consulting,2025,32.7631623931624,31,8.27034188034188,8.41888888888889
Netherlands,Consulting,2026,36.3387704918033,31,9.45237704918033,9.11672131147541
Netherlands,Education,2023,30.0891836734694,27,7.86214285714286,7.21510204081633
Netherlands,Education,2024,33.0167,27,8.4929,7.737
Netherlands,Education,2025,35.2347572815534,27,9.13932038834951,7.26145631067961
Netherlands,Education,2026,37.3641176470588,27,9.71009803921569,9.45098039215686
Netherlands,Finance,2023,34.7122815533981,55,9.08815533980583,8.66805825242718
Netherlands,Finance,2024,38.135297029703,55,9.67242574257426,9.50767326732673
Netherlands,Finance,2025,38.3072511848341,55,9.54492890995261,9.39151658767772
Netherlands,Finance,2026,41.7115942028986,55,10.0642028985507,9.99338164251208
Netherlands,Healthcare,2023,33.5576190476191,44,8.71630952380952,8.56261904761905
Netherlands,Healthcare,2024,36.7444910179641,44,9.31047904191617,9.05706586826347
Netherlands,Healthcare,2025,39.2684431137725,44,10.2868862275449,9.40383233532934
Netherlands,Healthcare,2026,37.9323926380368,44,9.99803680981595,8.95147239263804
Netherlands,Logistics,2023,31.5326126126126,30,8.19324324324324,8.10018018018018
Netherlands,Logistics,2024,34.0167857142857,30,8.78419642857143,8.02607142857143
Netherlands,Logistics,2025,36.1267256637168,30,9.09672566371681,8.7041592920354
Netherlands,Logistics,2026,36.2905504587156,30,9.01678899082569,9.29284403669725
Netherlands,Manufacturing,2023,33.111048951049,38,8.46454545454546,8.41342657342657
Netherlands,Manufacturing,2024,34.6171223021583,38,8.61410071942446,8.94690647482014
Netherlands,Manufacturing,2025,35.5139583333333,38,8.58902777777778,9.38847222222222
Netherlands,Manufacturing,2026,37.4374285714286,38,9.00471428571429,9.44692857142857
Netherlands,Retail,2023,31.9454744525547,36,8.57627737226278,8.0078102189781
Netherlands,Retail,2024,33.7305797101449,36,8.4981884057971,8.13797101449275
Netherlands,Retail,2025,37.231037037037,36,9.4042962962963,9.56488888888889
Netherlands,Retail,2026,36.8259398496241,36,9.24360902255639,9.68481203007519
Netherlands,Technology,2023,40.871511627907,46,12.0304069767442,11.0147093023256
Netherlands,Technology,2024,42.8087283236994,46,12.1854335260116,10.9181502890173
Netherlands,Technology,2025,44.2724712643678,46,12.7440804597701,11.8194252873563
Netherlands,Technology,2026,46.1697647058824,46,12.5287647058824,12.2329411764706
New Zealand,Agriculture,2023,37.5651515151515,44,9.87490909090909,9.14533333333333
New Zealand,Agriculture,2024,39.3920958083832,44,9.76215568862276,9.87676646706587
New Zealand,Agriculture,2025,40.0141916167665,44,10.4938922155689,9.91922155688623
New Zealand,Agriculture,2026,43.0323170731707,44,10.920243902439,10.812012195122
New Zealand,Consulting,2023,36.2736363636364,24,8.65181818181818,8.16147727272727
New Zealand,Consulting,2024,38.8337362637363,24,9.56681318681319,9.60868131868132
New Zealand,Consulting,2025,40.7947872340426,24,9.93042553191489,9.85553191489362
New Zealand,Consulting,2026,43.0576086956522,24,10.2330434782609,11.6344565217391
New Zealand,Education,2023,32.8171681415929,32,8.95964601769912,7.8983185840708
New Zealand,Education,2024,34.7857851239669,32,8.9096694214876,8.43884297520661
New Zealand,Education,2025,39.9056097560976,32,9.27032520325203,9.61439024390244
New Zealand,Education,2026,39.9164166666667,32,9.33925,9.479
New Zealand,Finance,2023,34.7586451612903,41,9.08522580645161,8.40258064516129
New Zealand,Finance,2024,37.1867948717949,41,9.43692307692308,8.97891025641026
New Zealand,Finance,2025,40.088025477707,41,10.1417834394905,10.5868789808917
New Zealand,Finance,2026,41.6906666666667,41,10.1624666666667,10.8346
New Zealand,Healthcare,2023,34.6644966442953,40,8.93429530201342,8.43214765100671
New Zealand,Healthcare,2024,36.3476666666667,40,9.23993333333333,8.9474
New Zealand,Healthcare,2025,38.3619047619048,40,9.36761904761905,9.78278911564626
New Zealand,Healthcare,2026,38.5869032258065,40,9.75212903225807,9.60561290322581
New Zealand,Logistics,2023,33.6315217391304,25,8.94934782608696,8.21413043478261
New Zealand,Logistics,2024,36.3454255319149,25,9.5331914893617,9.34968085106383
New Zealand,Logistics,2025,40.6070833333333,25,10.3582291666667,10.1695833333333
New Zealand,Logistics,2026,43.2696666666667,25,10.481,11.2311111111111
New Zealand,Manufacturing,2023,36.2640697674419,46,9.43866279069768,9.44360465116279
New Zealand,Manufacturing,2024,38.0014450867052,46,9.66612716763006,10.3943352601156
New Zealand,Manufacturing,2025,39.5114705882353,46,10.1525294117647,9.66576470588235
New Zealand,Manufacturing,2026,42.1182857142857,46,10.1107428571429,10.8769714285714
New Zealand,Retail,2023,32.4239007092199,37,8.23283687943262,7.89560283687943
New Zealand,Retail,2024,35.8023076923077,37,8.96692307692308,9.34027972027972
New Zealand,Retail,2025,36.4143262411348,37,9.2636170212766,9.2822695035461
New Zealand,Retail,2026,38.5807518796993,37,9.63406015037594,9.61157894736842
New Zealand,Technology,2023,41.5611931818182,47,12.0882386363636,11.2398295454546
New Zealand,Technology,2024,42.5488888888889,47,12.1728333333333,10.6382222222222
New Zealand,Technology,2025,43.1193258426966,47,12.4664606741573,11.5426404494382
New Zealand,Technology,2026,45.5051111111111,47,12.7786111111111,11.4916666666667
Nigeria,Agriculture,2023,30.3869014084507,38,8.08274647887324,8.0287323943662
Nigeria,Agriculture,2024,33.0928671328671,38,8.6941958041958,8.60923076923077
Nigeria,Agriculture,2025,35.3059574468085,38,9.10375886524823,8.29595744680851
Nigeria,Agriculture,2026,36.7676428571429,38,9.25664285714286,9.26264285714286
Nigeria,Consulting,2023,33.1859756097561,22,8.9140243902439,7.58756097560976
Nigeria,Consulting,2024,35.1962195121951,22,9.41060975609756,9.28853658536585
Nigeria,Consulting,2025,35.4236144578313,22,9.2366265060241,8.42975903614458
Nigeria,Consulting,2026,38.5715294117647,22,9.49070588235294,9.58176470588235
Nigeria,Education,2023,30.3476984126984,33,8.4931746031746,8.17444444444445
Nigeria,Education,2024,31.37888,33,8.79624,7.68672
Nigeria,Education,2025,34.577578125,33,9.458515625,9.0315625
Nigeria,Education,2026,35.4916393442623,33,9.22803278688525,9.28729508196721
Nigeria,Finance,2023,30.9471354166667,51,8.20265625,7.28197916666667
Nigeria,Finance,2024,34.9549197860963,51,9.40155080213904,8.32978609625669
Nigeria,Finance,2025,36.4119270833333,51,9.06572916666667,8.56177083333333
Nigeria,Finance,2026,36.2868062827225,51,9.23795811518325,9.15492146596859
Nigeria,Healthcare,2023,28.2988888888889,41,7.57549019607843,6.87137254901961
Nigeria,Healthcare,2024,29.3698684210526,41,7.58131578947368,7.1833552631579
Nigeria,Healthcare,2025,32.2872784810127,41,8.46291139240506,8.38537974683544
Nigeria,Healthcare,2026,33.7925,41,8.79078947368421,8.58092105263158
Nigeria,Logistics,2023,25.3252631578947,25,6.80368421052632,6.53473684210526
Nigeria,Logistics,2024,27.4046315789474,25,7.46442105263158,6.42768421052632
Nigeria,Logistics,2025,28.0072340425532,25,7.90989361702128,7.25148936170213
Nigeria,Logistics,2026,29.8408421052632,25,8.05105263157895,8.02431578947368
Nigeria,Manufacturing,2023,28.6284782608696,37,7.67021739130435,7.39688405797102
Nigeria,Manufacturing,2024,31.5185507246377,37,8.38130434782609,8.22210144927536
Nigeria,Manufacturing,2025,34.0856204379562,37,8.97211678832117,8.44583941605839
Nigeria,Manufacturing,2026,36.2681560283688,37,9.30567375886525,9.39340425531915
Nigeria,Retail,2023,29.1180808080808,27,8.40282828282828,7.31242424242424
Nigeria,Retail,2024,30.7435,27,8.2809,8.092
Nigeria,Retail,2025,33.655612244898,27,8.82387755102041,8.95285714285714
Nigeria,Retail,2026,35.4124038461538,27,8.99807692307692,9.12817307692308
Nigeria,Technology,2023,38.5522093023256,45,11.6562790697674,10.216511627907
Nigeria,Technology,2024,41.0905263157895,45,11.9534502923977,10.466432748538
Nigeria,Technology,2025,42.1359393939394,45,12.2829696969697,10.9904242424242
Nigeria,Technology,2026,43.9905882352941,45,12.8274117647059,11.7494117647059
Philippines,Agriculture,2023,31.6326548672566,30,8.73530973451327,7.71256637168142
Philippines,Agriculture,2024,34.7637837837838,30,9.27954954954955,8.78459459459459
Philippines,Agriculture,2025,34.0461467889908,30,8.52633027522936,8.79678899082569
Philippines,Agriculture,2026,36.3774137931034,30,9.25379310344828,9.5201724137931
Philippines,Consulting,2023,31.0232374100719,38,8.00086330935252,7.30964028776978
Philippines,Consulting,2024,32.6333108108108,38,8.80945945945946,8.58412162162162
Philippines,Consulting,2025,34.5500699300699,38,8.76083916083916,8.49643356643357
Philippines,Consulting,2026,34.6712142857143,38,8.70814285714286,8.96235714285714
Philippines,Education,2023,30.291914893617,25,8.6786170212766,7.98404255319149
Philippines,Education,2024,32.3311956521739,25,8.32826086956522,7.72347826086957
Philippines,Education,2025,35.5334065934066,25,8.56505494505494,9.04483516483517
Philippines,Education,2026,37.9887234042553,25,9.57840425531915,9.12787234042553
Philippines,Finance,2023,36.3487421383648,42,9.00081761006289,8.7122641509434
Philippines,Finance,2024,38.4069182389937,42,9.73955974842767,9.24811320754717
Philippines,Finance,2025,39.2771875,42,9.3758125,9.584625
Philippines,Finance,2026,40.833164556962,42,9.70613924050633,9.78272151898734
Philippines,Healthcare,2023,31.9683181818182,58,8.39213636363636,7.90454545454545
Philippines,Healthcare,2024,34.4168181818182,58,8.93486363636364,8.59786363636364
Philippines,Healthcare,2025,35.9642465753425,58,9.23429223744292,9.07963470319635
Philippines,Healthcare,2026,37.2849090909091,58,9.40259090909091,9.43022727272727
Philippines,Logistics,2023,35.1339285714286,22,9.15952380952381,8.89690476190476
Philippines,Logistics,2024,36.1775609756098,22,9.43548780487805,8.95378048780488
Philippines,Logistics,2025,36.6936470588235,22,9.50258823529412,9.97364705882353
Philippines,Logistics,2026,39.9660714285714,22,10.3564285714286,10.9417857142857
Philippines,Manufacturing,2023,30.5967251461988,46,8.36964912280702,8.47988304093567
Philippines,Manufacturing,2024,33.0483720930233,46,8.68011627906977,8.74970930232558
Philippines,Manufacturing,2025,34.1928735632184,46,9.03879310344828,8.97155172413793
Philippines,Manufacturing,2026,37.6925,46,9.47796511627907,10.1611046511628
Philippines,Retail,2023,31.2882481751825,36,8.58109489051095,8.5963503649635
Philippines,Retail,2024,33.7770714285714,36,8.62942857142857,8.92907142857143
Philippines,Retail,2025,36.103768115942,36,9.2918115942029,8.82253623188406
Philippines,Retail,2026,37.8283941605839,36,9.50087591240876,10.1532846715329
Philippines,Technology,2023,38.3890789473684,40,11.5690789473684,10.0657894736842
Philippines,Technology,2024,40.7078431372549,40,11.6987581699346,10.6586928104575
Philippines,Technology,2025,41.8755629139073,40,12.064238410596,10.4841059602649
Philippines,Technology,2026,44.7075974025974,40,12.5625324675325,11.4597402597403
Poland,Agriculture,2023,31.3273295454545,46,8.70477272727273,8.16965909090909
Poland,Agriculture,2024,32.8414285714286,46,8.71651428571429,7.95931428571429
Poland,Agriculture,2025,34.9499411764706,46,9.00347058823529,8.64470588235294
Poland,Agriculture,2026,36.9497093023256,46,9.5453488372093,9.31813953488372
Poland,Consulting,2023,32.2581720430108,24,8.67870967741936,7.72462365591398
Poland,Consulting,2024,32.2389772727273,24,9.39056818181818,8.09590909090909
Poland,Consulting,2025,35.9620454545455,24,9.47829545454546,9.32795454545455
Poland,Consulting,2026,37.4579775280899,24,9.80191011235955,10.384606741573
Poland,Education,2023,31.1914893617021,39,8.11851063829787,8.00581560283688
Poland,Education,2024,32.0142465753425,39,8.26684931506849,8.4558904109589
Poland,Education,2025,36.5828169014085,39,9.14845070422535,9.08816901408451
Poland,Education,2026,37.3105442176871,39,9.22408163265306,8.95081632653061
Poland,Finance,2023,37.824476744186,45,9.63860465116279,9.08174418604651
Poland,Finance,2024,38.5504117647059,45,9.46129411764706,9.80052941176471
Poland,Finance,2025,40.9552873563218,45,10.1203448275862,10.7870114942529
Poland,Finance,2026,42.8477514792899,45,10.2240236686391,10.2608875739645
Poland,Healthcare,2023,30.1341935483871,33,8.43774193548387,7.9825
Poland,Healthcare,2024,30.63288,33,8.23616,7.29536
Poland,Healthcare,2025,32.3766129032258,33,8.39935483870968,7.30862903225806
Poland,Healthcare,2026,35.1089256198347,33,8.8895867768595,8.8300826446281
Poland,Logistics,2023,36.3625190839695,36,9.32618320610687,9.91374045801527
Poland,Logistics,2024,37.1097777777778,36,9.5137037037037,9.52007407407407
Poland,Logistics,2025,40.1254198473283,36,9.76160305343512,10.7509923664122
Poland,Logistics,2026,41.5323076923077,36,9.965,10.7298461538462
Poland,Manufacturing,2023,29.7430327868853,34,8.13926229508197,7.48434426229508
Poland,Manufacturing,2024,31.1283076923077,34,8.052,8.18707692307692
Poland,Manufacturing,2025,32.85936,34,8.8204,8.36176
Poland,Manufacturing,2026,33.6683464566929,34,8.8848031496063,8.20362204724409
Poland,Retail,2023,30.26936,32,8.0536,7.8744
Poland,Retail,2024,32.3385344827586,32,8.93094827586207,8.39206896551724
Poland,Retail,2025,34.7153389830509,32,9.07262711864407,8.76771186440678
Poland,Retail,2026,36.1072357723577,32,9.4890243902439,9.00008130081301
Poland,Technology,2023,38.0217021276596,51,11.3516489361702,10.4279255319149
Poland,Technology,2024,39.104381443299,51,11.4110309278351,10.3759278350516
Poland,Technology,2025,42.2392708333333,51,12.4995833333333,11.0235416666667
Poland,Technology,2026,44.12,51,12.3416580310881,11.4970466321244
Singapore,Agriculture,2023,36.4645185185185,36,9.35318518518519,9.27525925925926
Singapore,Agriculture,2024,36.1369852941177,36,9.35110294117647,8.5125
Singapore,Agriculture,2025,37.0451492537314,36,9.47208955223881,9.2234328358209
Singapore,Agriculture,2026,42.1579856115108,36,10.0361870503597,10.4834532374101
Singapore,Consulting,2023,34.85875,24,8.86113636363636,9.56045454545455
Singapore,Consulting,2024,38.8032222222222,24,9.73111111111111,9.63033333333333
Singapore,Consulting,2025,37.1778651685393,24,9.45505617977528,8.59820224719101
Singapore,Consulting,2026,39.9146153846154,24,9.95065934065934,9.71934065934066
Singapore,Education,2023,35.0971,27,9.4492,7.7898
Singapore,Education,2024,38.6194845360825,27,10.0578350515464,9.81144329896907
Singapore,Education,2025,40.6812871287129,27,9.82841584158416,10.0429702970297
Singapore,Education,2026,41.4238235294118,27,9.96852941176471,10.2449019607843
Singapore,Finance,2023,40.0730322580645,40,9.4038064516129,9.52012903225807
Singapore,Finance,2024,42.3215789473684,40,9.97717105263158,10.3393421052632
Singapore,Finance,2025,42.8591946308725,40,10.3512751677852,10.7536912751678
Singapore,Finance,2026,45.011059602649,40,10.6743046357616,10.7831125827815
Singapore,Healthcare,2023,36.7337222222222,48,9.03138888888889,8.93744444444445
Singapore,Healthcare,2024,38.3925280898876,48,9.99140449438202,9.75747191011236
Singapore,Healthcare,2025,40.097191011236,48,9.81814606741573,10.0272471910112
Singapore,Healthcare,2026,41.7998913043478,48,10.7610869565217,9.8545652173913
Singapore,Logistics,2023,35.1678494623656,25,8.94150537634409,8.37849462365591
Singapore,Logistics,2024,37.3377319587629,25,9.24855670103093,9.47515463917526
Singapore,Logistics,2025,38.6776344086022,25,9.5205376344086,10.2518279569893
Singapore,Logistics,2026,43.1888659793814,25,10.5392783505155,10.6223711340206
Singapore,Manufacturing,2023,32.6130827067669,36,8.4112030075188,8.5612030075188
Singapore,Manufacturing,2024,34.6782222222222,36,8.70096296296296,9.2682962962963
Singapore,Manufacturing,2025,39.0700704225352,36,10.0900704225352,9.9137323943662
Singapore,Manufacturing,2026,38.399037037037,36,9.30437037037037,10.1888148148148
Singapore,Retail,2023,34.5545625,43,9.3558125,8.3560625
Singapore,Retail,2024,37.7242580645161,43,8.91896774193548,9.27670967741936
Singapore,Retail,2025,38.4695808383234,43,9.29682634730539,9.43754491017964
Singapore,Retail,2026,40.1261111111111,43,9.86308641975309,9.36456790123457
Singapore,Technology,2023,39.3214024390244,44,11.3248780487805,9.31731707317073
Singapore,Technology,2024,43.3074251497006,44,11.9554491017964,11.6519760479042
Singapore,Technology,2025,44.3716049382716,44,12.1299382716049,11.595987654321
Singapore,Technology,2026,45.5543558282209,44,12.8798773006135,12.1539263803681
South Africa,Agriculture,2023,33.3712745098039,27,8.80558823529412,8.24343137254902
South Africa,Agriculture,2024,34.6386274509804,27,9.19843137254902,8.88049019607843
South Africa,Agriculture,2025,36.7044,27,9.4733,9.7292
South Africa,Agriculture,2026,37.8951428571429,27,9.59504761904762,10.3037142857143
South Africa,Consulting,2023,31.2042307692308,28,8.32634615384616,7.87490384615385
South Africa,Consulting,2024,33.4549074074074,28,8.76962962962963,7.71796296296296
South Africa,Consulting,2025,34.1057943925234,28,9.18476635514019,8.44803738317757
South Africa,Consulting,2026,35.5498095238095,28,9.39609523809524,8.9392380952381
South Africa,Education,2023,27.5905555555556,20,7.66652777777778,6.86055555555556
South Africa,Education,2024,31.662,20,8.33733333333333,8.01186666666667
South Africa,Education,2025,35.452,20,9.76133333333333,8.7552
South Africa,Education,2026,37.204,20,9.578,9.344
South Africa,Finance,2023,31.8154285714286,37,8.42185714285714,8.00014285714286
South Africa,Finance,2024,34.9055319148936,37,9.36503546099291,8.97617021276596
South Africa,Finance,2025,35.8395035460993,37,9.4686524822695,9.25156028368794
South Africa,Finance,2026,39.7880291970803,37,9.89656934306569,9.91357664233577
South Africa,Healthcare,2023,28.4985863874346,51,7.96052356020942,7.87225130890052
South Africa,Healthcare,2024,31.4418461538462,51,8.62625641025641,7.82133333333333
South Africa,Healthcare,2025,33.3879473684211,51,8.66884210526316,8.10057894736842
South Africa,Healthcare,2026,35.2620942408377,51,8.87178010471204,8.46298429319372
South Africa,Logistics,2023,29.1120689655172,25,7.55149425287356,7.17609195402299
South Africa,Logistics,2024,30.1346875,25,7.91864583333333,7.675
South Africa,Logistics,2025,33.4807142857143,25,8.35693877551021,8.84775510204082
South Africa,Logistics,2026,35.3715625,25,9.43895833333333,9.133125
South Africa,Manufacturing,2023,28.3066272189349,45,7.67633136094675,7.61834319526627
South Africa,Manufacturing,2024,28.879298245614,45,8.08099415204678,7.59438596491228
South Africa,Manufacturing,2025,31.2212048192771,45,7.71939759036145,7.82873493975904
South Africa,Manufacturing,2026,32.8155421686747,45,8.69463855421687,8.64114457831325
South Africa,Retail,2023,28.0948936170213,38,7.65595744680851,7.86460992907802
South Africa,Retail,2024,31.0172916666667,38,8.21215277777778,7.98756944444444
South Africa,Retail,2025,33.2089208633094,38,8.52741007194245,8.20798561151079
South Africa,Retail,2026,34.8112857142857,38,9.149,9.145
South Africa,Technology,2023,36.0512711864407,63,10.7504661016949,9.04029661016949
South Africa,Technology,2024,37.21,63,11.2509170305677,9.83318777292577
South Africa,Technology,2025,41.775807860262,63,12.133711790393,11.0636244541485
South Africa,Technology,2026,42.651375,63,11.9660833333333,10.7512916666667
South Korea,Agriculture,2023,31.7925663716814,31,8.20079646017699,7.37353982300885
South Korea,Agriculture,2024,34.8627586206897,31,9.0098275862069,8.68948275862069
South Korea,Agriculture,2025,36.3077477477478,31,9.02126126126126,8.93882882882883
South Korea,Agriculture,2026,37.1696610169492,31,9.26228813559322,9.3921186440678
South Korea,Consulting,2023,32.4111111111111,27,8.17565656565657,7.99010101010101
South Korea,Consulting,2024,35.8398958333333,27,9.25104166666667,9.00083333333333
South Korea,Consulting,2025,33.7907070707071,27,8.59808080808081,8.12656565656566
South Korea,Consulting,2026,35.6538,27,8.9984,9.3821
South Korea,Education,2023,30.8411764705882,46,8.02317647058824,7.38152941176471
South Korea,Education,2024,32.7452023121387,46,8.13664739884393,8.0749710982659
South Korea,Education,2025,34.0115882352941,46,8.72658823529412,8.52717647058823
South Korea,Education,2026,37.1002339181287,46,9.46327485380117,9.27391812865497
South Korea,Finance,2023,35.3333640552995,57,9.33875576036866,8.82691244239631
South Korea,Finance,2024,34.8641121495327,57,8.58252336448598,8.45070093457944
South Korea,Finance,2025,38.422100456621,57,9.72502283105023,9.35337899543379
South Korea,Finance,2026,40.2588679245283,57,10.2377830188679,10.1234433962264
South Korea,Healthcare,2023,33.2753896103896,40,8.86058441558442,8.38064935064935
South Korea,Healthcare,2024,35.3983561643836,40,9.16972602739726,8.54828767123288
South Korea,Healthcare,2025,38.0051351351351,40,9.58101351351351,9.71047297297297
South Korea,Healthcare,2026,37.8361971830986,40,9.87838028169014,9.09316901408451
South Korea,Logistics,2023,33.0719463087248,39,8.42852348993289,8.9044966442953
South Korea,Logistics,2024,35.574966442953,39,9.06147651006712,9.0448322147651
South Korea,Logistics,2025,37.6074468085106,39,9.36304964539007,9.85148936170213
South Korea,Logistics,2026,38.4546153846154,39,9.35258741258741,10.3055944055944
South Korea,Manufacturing,2023,32.8705263157895,41,8.69361842105263,8.74993421052632
South Korea,Manufacturing,2024,34.7412337662338,41,9.17961038961039,9.16025974025974
South Korea,Manufacturing,2025,36.7065333333333,41,9.27046666666667,9.7202
South Korea,Manufacturing,2026,37.5044516129032,41,9.47141935483871,10.1009677419355
South Korea,Retail,2023,30.2915189873418,41,8.29075949367089,8.18
South Korea,Retail,2024,33.9164935064935,41,8.9,8.74564935064935
South Korea,Retail,2025,33.8199337748344,41,8.87569536423841,8.65562913907285
South Korea,Retail,2026,37.5542580645161,41,9.554,9.80929032258065
South Korea,Technology,2023,41.9407643312102,43,12.424076433121,10.9495541401274
South Korea,Technology,2024,44.0573417721519,43,12.5633544303798,11.9282278481013
South Korea,Technology,2025,46.6633136094675,43,12.8765680473373,12.3747337278107
South Korea,Technology,2026,47.28575,43,13.2273125,12.564
Spain,Agriculture,2023,35.6985925925926,36,9.13992592592593,9.1377037037037
Spain,Agriculture,2024,38.28,36,9.73572463768116,9.38572463768116
Spain,Agriculture,2025,38.7215107913669,36,9.72014388489209,9.99532374100719
Spain,Agriculture,2026,41.1376470588235,36,10.3696323529412,11.2229411764706
Spain,Consulting,2023,29.6542056074766,28,7.88308411214953,7.16757009345794
Spain,Consulting,2024,30.7704672897196,28,8.10056074766355,7.53214953271028
Spain,Consulting,2025,33.2354716981132,28,8.98764150943396,8.59433962264151
Spain,Consulting,2026,36.4896261682243,28,8.89317757009346,8.93794392523365
Spain,Education,2023,35.9294936708861,41,9.25335443037975,8.80398734177215
Spain,Education,2024,36.9938461538462,41,9.30666666666667,9.34442307692308
Spain,Education,2025,38.6440127388535,41,9.69649681528662,9.17203821656051
Spain,Education,2026,39.2770063694268,41,9.83847133757962,9.94955414012739
Spain,Finance,2023,37.7843065693431,38,9.8156204379562,9.69562043795621
Spain,Finance,2024,39.8330769230769,38,9.49426573426574,9.68377622377622
Spain,Finance,2025,43.7192805755396,38,10.6905755395683,10.7434532374101
Spain,Finance,2026,44.5646206896552,38,10.732275862069,11.5357931034483
Spain,Healthcare,2023,34.0632173913044,30,8.75826086956522,8.26078260869565
Spain,Healthcare,2024,35.9461607142857,30,9.16625,9.19383928571429
Spain,Healthcare,2025,40.1575652173913,30,10.0585217391304,10.3138260869565
Spain,Healthcare,2026,42.160796460177,30,10.12,10.8777876106195
Spain,Logistics,2023,32.1042741935484,34,8.5125,7.85862903225806
Spain,Logistics,2024,32.9122900763359,34,8.70954198473283,8.07732824427481
Spain,Logistics,2025,34.2797692307692,34,8.90153846153846,8.18484615384615
Spain,Logistics,2026,36.5822307692308,34,8.98130769230769,9.17761538461538
Spain,Manufacturing,2023,34.8732894736842,41,9.20782894736842,8.72355263157895
Spain,Manufacturing,2024,38.3113924050633,41,9.21126582278481,9.4596835443038
Spain,Manufacturing,2025,40.0192617449664,41,9.96302013422819,9.98093959731544
Spain,Manufacturing,2026,42.6648407643312,41,10.152101910828,10.8240127388535
Spain,Retail,2023,33.227,24,8.78,8.52466666666667
Spain,Retail,2024,33.5967391304348,24,8.94956521739131,9.57282608695652
Spain,Retail,2025,36.0892307692308,24,9.20406593406593,9.78197802197802
Spain,Retail,2026,37.9130337078652,24,9.87,10.0722471910112
Spain,Technology,2023,39.3369767441861,46,11.7700581395349,10.5745930232558
Spain,Technology,2024,42.0503012048193,46,12.178734939759,10.7532530120482
Spain,Technology,2025,44.5384795321637,46,12.9363742690059,12.2901754385965
Spain,Technology,2026,46.0944767441861,46,12.9580813953488,12.3725581395349
Sweden,Agriculture,2023,35.0718699186992,32,9.04837398373984,8.80869918699187
Sweden,Agriculture,2024,37.9496610169492,32,9.6178813559322,10.1332203389831
Sweden,Agriculture,2025,38.6755652173913,32,9.52173913043478,10.1538260869565
Sweden,Agriculture,2026,40.94888,32,10.04024,10.61368
Sweden,Consulting,2023,24.5215714285714,19,7.02314285714286,6.55857142857143
Sweden,Consulting,2024,24.7919718309859,19,7.32985915492958,6.36366197183099
Sweden,Consulting,2025,30.3832432432433,19,7.81608108108108,7.74527027027027
Sweden,Consulting,2026,31.5828767123288,19,8.18438356164384,8.30027397260274
Sweden,Education,2023,30.1965079365079,33,8.16753968253968,6.81174603174603
Sweden,Education,2024,30.1838709677419,33,8.13790322580645,7.12653225806452
Sweden,Education,2025,34.0945161290323,33,8.80782258064516,9.22217741935484
Sweden,Education,2026,36.1938211382114,33,9.52959349593496,9.43845528455285
Sweden,Finance,2023,34.3040127388535,42,8.92713375796178,8.66942675159236
Sweden,Finance,2024,37.2736241610738,42,9.41348993288591,9.42959731543624
Sweden,Finance,2025,40.0960248447205,42,10.1860248447205,10.1939751552795
Sweden,Finance,2026,42.1592715231788,42,10.4656953642384,10.454238410596
Sweden,Healthcare,2023,30.3389440993789,41,8.42465838509317,7.58968944099379
Sweden,Healthcare,2024,33.4527564102564,41,8.80166666666667,8.04794871794872
Sweden,Healthcare,2025,35.5611038961039,41,9.09824675324675,8.695
Sweden,Healthcare,2026,34.1910828025478,41,8.76929936305733,8.31611464968153
Sweden,Logistics,2023,30.6127083333333,37,8.26493055555556,8.69416666666667
Sweden,Logistics,2024,32.7727338129496,37,8.78237410071943,7.96589928057554
Sweden,Logistics,2025,34.9571223021583,37,9.19230215827338,9.01086330935252
Sweden,Logistics,2026,36.5928148148148,37,9.42696296296296,9.52607407407407
Sweden,Manufacturing,2023,32.2648031496063,33,8.98188976377953,9.32929133858268
Sweden,Manufacturing,2024,35.7688095238095,33,8.98119047619048,9.56674603174603
Sweden,Manufacturing,2025,37.7164,33,9.55624,10.36448
Sweden,Manufacturing,2026,38.26008,33,9.51376,9.65368
Sweden,Retail,2023,32.1879464285714,29,8.19875,8.06258928571429
Sweden,Retail,2024,33.7735849056604,29,8.50443396226415,7.5711320754717
Sweden,Retail,2025,36.1414678899083,29,9.09724770642202,9.12605504587156
Sweden,Retail,2026,39.035945945946,29,9.88306306306306,10.1340540540541
Sweden,Technology,2023,39.5535185185185,58,11.8516203703704,10.2463888888889
Sweden,Technology,2024,41.959488372093,58,11.8976279069767,10.9323720930233
Sweden,Technology,2025,44.4755555555556,58,12.7339351851852,11.9023148148148
Sweden,Technology,2026,44.1133035714286,58,12.5541517857143,11.9178571428571
Thailand,Agriculture,2023,32.7210638297872,37,8.52304964539007,8.77815602836879
Thailand,Agriculture,2024,33.6335555555556,37,8.53992592592593,8.0462962962963
Thailand,Agriculture,2025,37.0390845070423,37,9.08640845070423,8.96950704225352
Thailand,Agriculture,2026,38.4224647887324,37,9.56330985915493,9.74105633802817
Thailand,Consulting,2023,30.3124242424242,35,8.26537878787879,7.55007575757576
Thailand,Consulting,2024,32.2358015267176,35,8.63022900763359,8.33832061068702
Thailand,Consulting,2025,36.3067716535433,35,9.26385826771654,8.48614173228346
Thailand,Consulting,2026,36.1521428571429,35,9.4818253968254,9.02198412698413
Thailand,Education,2023,30.3005882352941,28,7.71058823529412,7.75303921568628
Thailand,Education,2024,30.7005607476636,28,7.90915887850467,7.43196261682243
Thailand,Education,2025,35.3189622641509,28,8.73367924528302,8.50962264150943
Thailand,Education,2026,35.0242424242424,28,8.58828282828283,8.59
Thailand,Finance,2023,36.0345081967213,33,9.17196721311476,8.61885245901639
Thailand,Finance,2024,37.4166115702479,33,9.27595041322314,8.35933884297521
Thailand,Finance,2025,40.7107258064516,33,9.6775,10.3060483870968
Thailand,Finance,2026,40.964132231405,33,10.2351239669422,10.5537190082645
Thailand,Healthcare,2023,29.4611888111888,37,8.24426573426574,7.87727272727273
Thailand,Healthcare,2024,32.5814074074074,37,8.34355555555556,8.19807407407408
Thailand,Healthcare,2025,33.4528985507246,37,8.66855072463768,8.51963768115942
Thailand,Healthcare,2026,35.2836879432624,37,9.16836879432624,9.92070921985816
Thailand,Logistics,2023,33.5188095238095,22,8.46690476190476,8.57964285714286
Thailand,Logistics,2024,32.8325925925926,22,8.64691358024691,8.31308641975309
Thailand,Logistics,2025,33.3471084337349,22,8.27204819277108,8.39722891566265
Thailand,Logistics,2026,38.6916470588235,22,10.0531764705882,10.1867058823529
Thailand,Manufacturing,2023,28.48,32,7.66672268907563,8.09621848739496
Thailand,Manufacturing,2024,29.5984297520661,32,7.92561983471074,7.80148760330579
Thailand,Manufacturing,2025,30.2995798319328,32,7.92512605042017,8.07495798319328
Thailand,Manufacturing,2026,32.5710833333333,32,8.64033333333333,8.8395
Thailand,Retail,2023,27.1679411764706,37,7.80183823529412,7.67764705882353
Thailand,Retail,2024,28.2179432624114,37,7.87333333333333,7.22801418439716
Thailand,Retail,2025,30.7713235294118,37,8.05595588235294,7.50977941176471
Thailand,Retail,2026,34.4218656716418,37,8.82619402985075,8.96701492537313
Thailand,Technology,2023,37.5110697674419,59,11.1258139534884,10.0481860465116
Thailand,Technology,2024,39.6685398230089,59,11.7211061946903,10.3953982300885
Thailand,Technology,2025,41.1038222222222,59,11.9170666666667,10.9434666666667
Thailand,Technology,2026,43.9344144144144,59,12.5556306306306,11.9248198198198
UK,Agriculture,2023,35.7448062015504,34,8.95666666666667,8.71666666666667
UK,Agriculture,2024,37.0504761904762,34,9.41666666666667,8.96198412698413
UK,Agriculture,2025,39.06,34,9.83776,9.03832
UK,Agriculture,2026,40.32952,34,9.55496,9.90208
UK,Consulting,2023,35.7185858585859,26,8.78818181818182,9.28242424242424
UK,Consulting,2024,40.3285869565217,26,9.62510869565217,10.6382608695652
UK,Consulting,2025,40.6598969072165,26,10.140412371134,10.5552577319588
UK,Consulting,2026,45.2325263157895,26,11.0232631578947,11.2471578947368
UK,Education,2023,33.977987012987,40,8.7375974025974,8.32857142857143
UK,Education,2024,36.0404,40,9.27313333333333,8.96813333333333
UK,Education,2025,37.684966442953,40,9.74154362416107,9.50308724832215
UK,Education,2026,38.8216447368421,40,9.36118421052632,10.2392763157895
UK,Finance,2023,37.5085611510791,37,9.32007194244604,8.59115107913669
UK,Finance,2024,38.9459259259259,37,9.81592592592593,9.18792592592592
UK,Finance,2025,41.9283088235294,37,10.3150735294118,10.3089705882353
UK,Finance,2026,42.9828057553957,37,10.5360431654676,10.8793525179856
UK,Healthcare,2023,33.7459259259259,50,9.0715873015873,8.56132275132275
UK,Healthcare,2024,35.3382978723404,50,8.99585106382979,9.04255319148936
UK,Healthcare,2025,36.966387434555,50,9.64968586387434,8.76376963350785
UK,Healthcare,2026,39.772,50,9.91484210526316,10.2838947368421
UK,Logistics,2023,33.9852755905512,33,8.58102362204724,9.07874015748032
UK,Logistics,2024,37.4226829268293,33,9.68504065040651,9.81016260162602
UK,Logistics,2025,39.9082258064516,33,9.93298387096774,10.5567741935484
UK,Logistics,2026,38.8332786885246,33,9.54901639344262,10.2276229508197
UK,Manufacturing,2023,31.6474691358025,44,9.05037037037037,8.47382716049383
UK,Manufacturing,2024,35.0014814814815,44,9.16864197530864,9.95
UK,Manufacturing,2025,36.7131360946746,44,9.38686390532545,9.78467455621302
UK,Manufacturing,2026,39.3650303030303,44,9.72127272727273,11.0007272727273
UK,Retail,2023,33.6703846153846,34,8.80007692307692,8.82423076923077
UK,Retail,2024,38.2021875,34,9.32109375,10.127109375
UK,Retail,2025,38.6985714285714,34,10.2596031746032,10.357380952381
UK,Retail,2026,41.7702307692308,34,10.4997692307692,10.9063846153846
UK,Technology,2023,40.6062237762238,37,11.8413986013986,10.6030769230769
UK,Technology,2024,43.8923913043478,37,12.5742028985507,11.9003623188406
UK,Technology,2025,46.9121428571429,37,12.8839285714286,11.8597857142857
UK,Technology,2026,45.6586231884058,37,12.5396376811594,11.8390579710145
USA,Agriculture,2023,35.8936111111111,39,9.13326388888889,8.86388888888889
USA,Agriculture,2024,37.987,39,9.6644,9.47673333333333
USA,Agriculture,2025,39.0353103448276,39,9.61110344827586,9.33241379310345
USA,Agriculture,2026,40.491,39,10.2872,10.7104
USA,Consulting,2023,37.3621176470588,22,9.44811764705882,9.89176470588235
USA,Consulting,2024,39.726125,22,9.888375,10.24625
USA,Consulting,2025,40.9903797468354,22,10.1981012658228,10.6625316455696
USA,Consulting,2026,41.8140963855422,22,10.7022891566265,10.6909638554217
USA,Education,2023,32.9015079365079,35,8.55714285714286,8.65301587301587
USA,Education,2024,33.6314728682171,35,8.52186046511628,8.82488372093023
USA,Education,2025,36.8380597014925,35,9.12276119402985,8.68708955223881
USA,Education,2026,38.3792481203008,35,9.61578947368421,9.29759398496241
USA,Finance,2023,38.0426595744681,50,9.36010638297872,9.18164893617021
USA,Finance,2024,41.2202673796791,50,10.3872727272727,10.4777540106952
USA,Finance,2025,43.5230481283423,50,10.4486631016043,11.0505347593583
USA,Finance,2026,45.3650264550265,50,10.9282010582011,10.6192592592593
USA,Healthcare,2023,33.9728,40,8.51826666666667,7.81206666666667
USA,Healthcare,2024,36.8312666666667,40,8.9866,8.35413333333333
USA,Healthcare,2025,37.6451020408163,40,9.35442176870748,9.08659863945578
USA,Healthcare,2026,40.1184,40,9.8188,10.1132666666667
USA,Logistics,2023,36.2914678899083,29,9.14889908256881,9.16614678899083
USA,Logistics,2024,36.9003738317757,29,9.32934579439252,9.75654205607477
USA,Logistics,2025,39.3939449541284,29,10.0097247706422,10.6005504587156
USA,Logistics,2026,41.5071818181818,29,10.3736363636364,10.8188181818182
USA,Manufacturing,2023,31.7811851851852,38,8.16614814814815,8.23355555555556
USA,Manufacturing,2024,34.1651388888889,38,8.59493055555556,8.58680555555556
USA,Manufacturing,2025,36.2935172413793,38,8.83,9.35848275862069
USA,Manufacturing,2026,37.0943165467626,38,9.15748201438849,9.35625899280575
USA,Retail,2023,34.2051748251748,37,8.61594405594406,8.94559440559441
USA,Retail,2024,35.4163636363636,37,9.03216783216783,9.28076923076923
USA,Retail,2025,37.6082481751825,37,9.42357664233577,9.58270072992701
USA,Retail,2026,40.7345390070922,37,9.99219858156029,10.3945390070922
USA,Technology,2023,42.1337569060774,47,12.4316022099448,11.1193922651934
USA,Technology,2024,44.8710674157303,47,12.6542134831461,11.6441573033708
USA,Technology,2025,48.5428901734104,47,13.2727167630058,13.0650867052023
USA,Technology,2026,50.565393258427,47,13.4391011235955,13.1628651685393
Vietnam,Agriculture,2023,31.304,35,8.80938461538462,8.28815384615385
Vietnam,Agriculture,2024,33.9308396946565,35,8.67114503816794,8.46870229007634
Vietnam,Agriculture,2025,34.8247794117647,35,9.28308823529412,8.84330882352941
Vietnam,Agriculture,2026,38.0016279069767,35,9.35782945736434,9.46201550387597
Vietnam,Consulting,2023,34.4324285714286,18,8.38785714285714,8.79685714285714
Vietnam,Consulting,2024,32.2807352941177,18,7.43617647058824,7.32926470588235
Vietnam,Consulting,2025,36.7398507462687,18,8.92522388059702,8.73701492537314
Vietnam,Consulting,2026,38.3710769230769,18,9.18523076923077,9.56815384615385
Vietnam,Education,2023,38.8596183206107,35,9.7075572519084,9.70908396946565
Vietnam,Education,2024,40.1661417322835,35,10.0458267716535,10.4045669291339
Vietnam,Education,2025,40.5236153846154,35,9.37138461538462,9.66938461538462
Vietnam,Education,2026,44.6979850746269,35,10.5206716417911,11.3473880597015
Vietnam,Finance,2023,34.7264814814815,42,8.85493827160494,8.32530864197531
Vietnam,Finance,2024,36.92075,42,9.221875,9.41
Vietnam,Finance,2025,39.8489171974522,42,9.87515923566879,9.87770700636943
Vietnam,Finance,2026,41.7808805031447,42,9.94088050314465,10.5338993710692
Vietnam,Healthcare,2023,34.3236912751678,39,9.2661744966443,9.20456375838926
Vietnam,Healthcare,2024,34.395033557047,39,9.40046979865772,8.96208053691275
Vietnam,Healthcare,2025,38.57125,39,10.038552631579,10.3144078947368
Vietnam,Healthcare,2026,38.4153521126761,39,9.80661971830986,9.98366197183099
Vietnam,Logistics,2023,30.1261261261261,30,8.39063063063063,7.5536036036036
Vietnam,Logistics,2024,31.8418103448276,30,8.11189655172414,8.95422413793104
Vietnam,Logistics,2025,32.4613392857143,30,8.62544642857143,8.24125
Vietnam,Logistics,2026,36.6639130434783,30,9.46895652173913,10.2008695652174
Vietnam,Manufacturing,2023,31.3832638888889,38,8.80958333333333,8.18222222222222
Vietnam,Manufacturing,2024,34.0822695035461,38,9.07730496453901,8.75212765957447
Vietnam,Manufacturing,2025,36.1748571428571,38,8.85228571428571,9.53771428571429
Vietnam,Manufacturing,2026,37.8818918918919,38,9.66560810810811,9.96695945945946
Vietnam,Retail,2023,32.5365765765766,30,8.48531531531532,8.89882882882883
Vietnam,Retail,2024,35.5950862068966,30,9.39560344827586,8.90887931034483
Vietnam,Retail,2025,35.3979464285714,30,9.094375,9.63982142857143
Vietnam,Retail,2026,39.4009482758621,30,9.66655172413793,10.455775862069
Vietnam,Technology,2023,38.8088414634146,43,11.4290853658537,10.6243292682927
Vietnam,Technology,2024,41.3516564417178,43,12.1173619631902,10.5866871165644
Vietnam,Technology,2025,44.42,43,12.4046296296296,11.4883950617284
Vietnam,Technology,2026,45.2192405063291,43,12.5865189873418,11.5969620253165
